timestamp,cpu_percent,memory_rss_mb,open_fds,net_bytes_sent,net_bytes_recv
1773171562.0676148,0.0,53.66,224,0,0
1773171562.1826441,87.5,53.68,225,0,0
1773171562.2904801,100.3,53.71,225,0,0
1773171562.3998792,99.4,53.83,225,0,0
1773171562.5059435,100.3,53.4,222,0,0
1773171562.622212,14.3,53.53,223,3010,6544
1773171562.7443736,12.5,53.58,225,6432,35344
1773171562.8521643,0.0,53.61,226,8550,39734
1773171562.9621384,0.0,53.69,229,10710,74280
1773171563.0989914,12.5,54.0,228,13926,84198
1773171563.2071686,37.5,54.2,230,22556,122014
1773171563.3321102,14.3,54.42,230,27088,313006
1773171563.439633,12.5,54.45,230,27564,314492
1773171563.5550318,14.3,56.7,231,30712,363966
1773171563.6771076,12.5,56.7,232,32460,366436
1773171563.8031702,12.5,56.7,232,34994,378226
1773171563.922122,0.0,56.79,233,39732,499844
1773171564.0328772,0.0,56.86,233,39938,499844
1773171564.1528606,0.0,57.06,233,42204,570570
1773171564.2606034,28.7,59.27,234,49890,831672
1773171564.372378,0.0,58.3,234,51596,832354
1773171564.4915295,0.0,58.33,234,51866,832592
1773171564.6125798,0.0,58.33,234,52136,834014
1773171564.7305863,12.5,58.34,234,53234,841980
1773171564.8572328,0.0,58.35,234,53234,841980
1773171564.9750867,0.0,58.35,234,53234,841980
1773171565.0856736,0.0,58.38,234,55970,854915
1773171565.19393,43.0,60.21,236,60016,951575
1773171565.3197389,14.3,54.06,231,64700,973435
1773171565.4426217,37.5,54.22,232,68154,991683
1773171565.5498252,25.0,54.96,234,71160,1020249
1773171565.6684587,0.0,54.96,235,77012,1056362
1773171565.781161,25.0,55.04,235,79578,1071670
1773171565.888083,28.7,55.23,236,83762,1209870
1773171566.0180755,50.0,58.07,236,90006,1522442
1773171566.1351738,25.0,58.08,237,97870,1532618
1773171566.2474525,0.0,58.18,239,145870,1569728
1773171566.3676062,37.5,58.7,241,150228,1714708
1773171566.4770586,0.0,58.71,241,153618,1726030
1773171566.5847452,0.0,58.71,242,157246,1736858
1773171566.6930099,0.0,58.76,243,158894,1788595
1773171566.8143024,0.0,58.89,243,163632,1952531
1773171566.9311635,0.0,58.96,243,164250,1976849
1773171567.0502062,12.5,60.27,244,171438,2103043
1773171567.1570356,14.2,55.31,240,175304,2115372
1773171567.2684731,0.0,55.35,240,175304,2115452
1773171567.386085,12.5,56.1,242,177428,2163603
1773171567.5060372,14.3,56.18,242,182254,2175867
1773171567.6229987,0.0,56.29,242,185644,2189219
1773171567.732569,0.0,56.36,242,190942,2346215
1773171567.8435748,14.3,57.34,241,198290,2617408
1773171567.9634845,12.5,57.34,241,200482,2621520
1773171568.0697844,0.0,57.34,241,203048,2628516
1773171568.1789846,16.8,57.34,241,205578,2634328
1773171568.2886896,0.0,57.35,241,208304,2641388
1773171568.4124646,0.0,57.35,241,208304,2641832
1773171568.5322247,0.0,57.35,241,208510,2642070
1773171568.6580603,14.3,57.41,242,214278,2824097
1773171568.778752,22.2,59.95,242,238792,3837045
1773171568.918992,89.3,72.24,239,241058,3875075
1773171569.0295897,0.0,72.32,240,244036,3883218
1773171569.151412,50.0,73.93,241,250834,4173316
1773171569.2613947,28.7,73.94,242,254288,4179886
1773171569.3685408,0.0,73.94,243,260684,4207924
1773171569.495791,14.2,73.94,243,262404,4213943
1773171569.6041484,0.0,73.94,243,262404,4214260
1773171569.7122073,0.0,73.94,243,262404,4214512
1773171569.8191795,0.0,73.96,244,265494,4325390
1773171569.9296176,50.4,77.33,245,268848,4382686
1773171570.0406723,0.0,77.33,245,268848,4383190
1773171570.160751,0.0,77.33,245,269914,4392458
1773171570.2705345,0.0,77.33,245,275300,4394160
1773171570.38619,0.0,77.33,245,278306,4401998
1773171570.5056512,12.5,77.33,245,279610,4415169
1773171570.6304948,50.0,77.34,243,285530,4436442
1773171570.7527864,12.5,56.62,239,288536,4448660
1773171570.8598278,14.2,55.59,239,290050,4463697
1773171570.988451,25.0,56.0,240,292934,4534363
1773171571.1113188,0.0,56.09,240,298442,4545567
1773171571.2199516,14.3,56.69,241,307320,4712353
1773171571.3282118,0.0,56.7,241,308244,4712559
1773171571.4371502,28.7,57.55,243,313140,4791133
1773171571.547675,0.0,57.55,243,317862,4806584
1773171571.6837204,0.0,57.55,243,321554,4816374
1773171571.7927575,25.0,58.15,245,325320,4881540
1773171571.9026124,28.4,58.2,246,328536,4897040
1773171572.0095997,0.0,58.2,246,329460,4897246
1773171572.1216085,28.7,60.0,247,335080,4998492
1773171572.2319403,14.2,60.0,247,349340,4998730
1773171572.3414571,0.0,60.0,247,349610,5005825
1773171572.4687724,0.0,60.0,247,350260,5015097
1773171572.5998013,12.5,60.0,247,364590,5020018
1773171572.72926,0.0,60.0,247,365066,5025275
1773171572.8366294,0.0,60.0,247,365748,5026533
1773171572.9452922,0.0,60.0,246,368690,5028953
1773171573.053621,0.0,60.0,246,368690,5028953
1773171573.1630309,0.0,60.0,246,368896,5029240
1773171573.2714374,0.0,60.0,246,370090,5038283
1773171573.3933825,0.0,60.0,246,370090,5038374
1773171573.512351,14.3,60.0,244,373648,5045213
1773171573.6288288,25.0,60.0,244,373648,5045477
1773171573.7706134,12.5,60.09,245,377150,5135313
1773171573.8908079,44.3,61.86,245,379512,5171566
1773171574.0014734,0.0,61.86,245,382490,5180016
1773171574.1099508,0.0,61.86,246,385944,5190036
1773171574.2354786,14.3,61.86,246,385944,5190036
1773171574.3470874,12.5,61.86,246,385944,5190036
1773171574.4700701,12.5,61.86,246,385944,5190036
1773171574.5766666,0.0,61.86,246,385944,5190036
1773171574.684288,14.3,61.86,246,387042,5190910
1773171574.8095984,0.0,61.86,246,387042,5191190
1773171574.9180038,12.5,61.86,246,387042,5191190
1773171575.0303652,14.2,61.86,246,387042,5191190
1773171575.1505802,0.0,61.86,246,387312,5191428
1773171575.2628574,0.0,61.86,246,387312,5192305
1773171575.40008,0.0,61.86,246,387312,5192305
1773171575.5166888,0.0,61.86,246,387312,5192305
1773171575.635252,0.0,61.86,246,387312,5192305
1773171575.7571592,0.0,61.86,246,387312,5192607
1773171575.867034,0.0,61.86,246,387312,5192671
1773171575.9877634,0.0,61.86,246,387518,5192877
1773171576.1012554,0.0,61.86,246,387518,5192877
1773171576.209108,0.0,61.86,246,387724,5193083
1773171576.333374,0.0,61.86,246,387724,5193083
1773171576.4444036,12.5,61.86,246,387724,5193083
1773171576.5647786,0.0,61.86,246,387724,5193083
1773171576.681739,0.0,61.86,246,387724,5193083
1773171576.8088133,0.0,61.86,246,387724,5193083
1773171576.9282038,12.5,61.86,246,387724,5193083
1773171577.0501966,0.0,61.86,246,427642,5195623
1773171577.188696,12.5,61.86,246,427848,5197909
1773171577.2951725,12.5,61.86,246,428054,5198179
1773171577.404272,0.0,61.86,246,428054,5198179
1773171577.5144658,0.0,61.86,246,428054,5198179
1773171577.6385176,12.5,61.86,246,428054,5198179
1773171577.7698283,0.0,61.86,246,428260,5198385
1773171577.8878543,0.0,61.86,246,428260,5198665
1773171578.0122194,0.0,61.86,246,428260,5198748
1773171578.1357133,0.0,61.86,246,428260,5198748
1773171578.2614262,0.0,61.86,246,428466,5198986
1773171578.3792572,0.0,61.86,246,428466,5198986
1773171578.4921746,0.0,61.86,246,428466,5198986
1773171578.6159458,0.0,61.86,246,428466,5198986
1773171578.7389143,0.0,61.86,248,428466,5199350
1773171578.862718,12.5,61.86,248,428672,5199716
1773171578.9848192,12.5,61.86,248,428672,5199716
1773171579.1177905,37.5,55.0,226,436558,5211453
1773171579.2334735,25.0,55.07,227,441348,5222853
1773171579.353128,50.0,58.39,229,448242,5467109
1773171579.4655607,0.0,58.39,229,450186,5468061
1773171579.5713496,14.2,58.39,229,450186,5468061
1773171579.6846147,0.0,58.39,229,450186,5468152
1773171579.7910752,0.0,58.39,229,450186,5468256
1773171579.9004984,0.0,58.39,229,451316,5475566
1773171580.0084875,0.0,58.39,229,451316,5475566
1773171580.119284,0.0,58.39,229,451316,5475566
1773171580.2550752,0.0,58.39,229,451522,5476048
1773171580.3735056,12.5,58.39,230,453640,5478920
1773171580.4888659,0.0,58.39,230,454770,5485966
1773171580.6001353,0.0,58.39,230,455040,5487388
1773171580.7187881,12.5,58.39,231,455658,5502942
1773171580.8270774,0.0,58.39,231,455864,5503200
1773171580.9450095,14.3,58.39,231,455864,5503200
1773171581.068916,12.5,58.39,231,455864,5503200
1773171581.1894987,0.0,58.39,231,455864,5503200
1773171581.307823,50.0,60.28,232,464342,5735000
1773171581.4210746,14.3,60.29,232,467114,5742412
1773171581.540933,0.0,60.29,232,467938,5764732
1773171581.6653137,28.4,61.47,234,472802,5822872
1773171581.7916412,25.0,61.47,235,476256,5834282
1773171581.9017673,0.0,61.47,235,476526,5835704
1773171582.022786,14.3,61.61,236,480598,5870145
1773171582.1586924,0.0,61.61,236,480598,5870350
1773171582.2853305,12.5,61.61,236,481010,5870556
1773171582.3979406,0.0,61.61,236,481010,5870761
1773171582.535744,0.0,61.61,236,483402,5975051
1773171582.6523438,22.2,62.12,238,486872,5989053
1773171582.7654479,0.0,62.12,238,487078,5991302
1773171582.886862,25.0,56.59,236,505126,6835043
1773171582.9977176,14.3,59.6,237,508310,6843379
1773171583.1199093,25.0,60.36,238,513460,7143799
1773171583.24192,50.0,63.36,239,516470,7152121
1773171583.364685,28.4,63.36,240,519064,7161879
1773171583.4770808,14.3,63.36,240,519956,7162085
1773171583.6069305,25.0,64.41,242,527562,7313339
1773171583.721482,0.0,66.5,245,535606,7428759
1773171583.8469694,14.2,66.5,245,536736,7437245
1773171583.972645,12.5,66.5,246,541050,7474608
1773171584.0936701,33.5,67.05,248,545502,7524846
1773171584.218968,37.5,68.34,248,558274,7888220
1773171584.339205,25.0,68.35,249,564674,7915795
1773171584.4508,14.2,56.08,242,568682,7930775
1773171584.5749266,0.0,56.14,242,568682,7930775
1773171584.6955113,0.0,56.14,242,568682,7930775
1773171584.8038175,28.7,57.72,244,576224,8075807
1773171584.9137485,0.0,57.72,244,576224,8075807
1773171585.0231931,0.0,57.78,245,578136,8082513
1773171585.1368544,0.0,57.79,245,580858,8090122
1773171585.2677286,44.3,63.52,246,597016,8730700
1773171585.4001167,37.5,63.66,247,601358,8754412
1773171585.5155625,12.5,63.68,247,604162,8761721
1773171585.6246502,0.0,63.74,249,608440,8809421
1773171585.733401,28.4,64.67,251,615566,9021271
1773171585.841595,0.0,64.71,251,619400,9030673
1773171585.9520123,14.2,64.71,251,623472,9053407
1773171586.0620625,28.7,64.71,251,626958,9059681
1773171586.1737626,14.3,64.71,251,629382,9066375
1773171586.2931242,25.0,56.58,245,633224,9077527
1773171586.4016178,14.2,57.59,246,643144,9450065
1773171586.5246363,14.3,57.67,245,648858,9473791
1773171586.6436448,0.0,57.72,246,657198,9807286
1773171586.7577717,50.0,64.55,246,667144,10269244
1773171586.879858,28.7,66.92,247,676988,10487567
1773171586.995429,14.2,66.93,248,679106,10494037
1773171587.1166143,25.0,66.93,247,683992,10503183
1773171587.2599816,50.1,88.81,248,753702,12171773
1773171587.3998237,99.7,88.87,248,753702,12174145
1773171587.5180974,28.7,56.62,245,758314,12194885
1773171587.6432176,14.3,56.76,245,761498,12210843
1773171587.751515,37.5,56.82,246,765396,12232778
1773171587.8647852,28.4,56.82,246,769770,12244622
1773171587.9844487,12.5,56.84,246,770182,12245468
1773171588.0944679,0.0,56.84,246,770182,12245756
1773171588.2072284,0.0,56.84,246,770182,12245948
1773171588.3300533,0.0,56.84,246,770182,12246031
1773171588.4548178,12.5,56.84,246,770388,12246461
1773171588.574813,0.0,56.84,246,770658,12247883
1773171588.7014406,0.0,56.84,246,775976,12248564
1773171588.8122158,0.0,56.84,246,784032,12256410
1773171588.9376152,0.0,56.84,246,784444,12263483
1773171589.0545754,0.0,56.84,246,784444,12264374
1773171589.1826339,0.0,56.84,246,784444,12264639
1773171589.3069382,0.0,56.84,246,784444,12264639
1773171589.430035,0.0,56.84,246,784444,12264904
1773171589.5538027,0.0,56.84,246,784650,12265142
1773171589.6607282,0.0,56.84,246,784650,12265644
1773171589.7718973,0.0,56.84,246,785158,12267418
1773171589.9091685,0.0,56.84,246,785428,12269797
1773171590.0203373,0.0,56.84,246,785428,12269989
1773171590.1408684,12.5,56.84,246,785698,12270611
1773171590.254653,0.0,56.84,246,785698,12270611
1773171590.3783345,12.5,56.84,246,785698,12270611
1773171590.4965477,0.0,56.84,246,785904,12270849
1773171590.607113,0.0,56.84,246,785904,12270956
1773171590.715108,0.0,56.84,246,785904,12270956
1773171590.8221667,14.2,56.84,246,786110,12271194
1773171590.9307861,0.0,56.84,246,786110,12272151
1773171591.0426822,0.0,56.84,246,786110,12272151
1773171591.1632245,12.5,56.84,246,786110,12272511
1773171591.2739284,0.0,56.84,246,786110,12273081
1773171591.3823068,0.0,56.84,246,786110,12276161
1773171591.5033154,0.0,56.84,246,786316,12277303
1773171591.6153886,12.5,56.84,246,786316,12277540
1773171591.735325,0.0,56.84,246,786316,12277540
1773171591.8473089,14.3,56.84,246,786316,12277540
1773171591.9839313,0.0,56.84,246,786522,12277778
1773171592.1042836,0.0,56.84,246,786522,12277778
1773171592.2127354,0.0,56.84,246,786522,12278057
1773171592.3313317,0.0,56.84,246,786522,12280962
1773171592.450677,0.0,56.84,246,786934,12282014
1773171592.5746286,0.0,56.84,246,786934,12282014
1773171592.6983511,0.0,56.84,246,787140,12282220
1773171592.842289,12.5,56.84,246,787140,12283244
1773171592.9603019,0.0,56.85,226,798184,12297230
1773171593.0813332,28.4,56.91,227,801638,12305356
1773171593.198667,0.0,56.92,227,802050,12306170
1773171593.306997,0.0,56.92,227,802050,12306170
1773171593.4335716,0.0,56.92,227,802050,12306170
1773171593.5575688,0.0,56.93,227,803286,12344158
1773171593.6813173,28.7,58.55,229,808072,12395904
1773171593.8041134,12.5,58.84,232,813946,12433478
1773171593.9167464,0.0,58.84,232,814564,12447821
1773171594.037934,25.0,58.84,232,815584,12448535
1773171594.1722813,0.0,56.28,231,822160,12564982
1773171594.29364,0.0,56.4,232,825202,12572774
1773171594.4055989,0.0,56.46,233,828926,12581898
1773171594.5179822,0.0,57.39,235,833374,12642372
1773171594.6270568,14.3,57.42,233,834390,12644234
1773171594.7388515,42.6,55.38,232,836294,12647418
1773171594.8578577,25.0,55.43,233,838436,12651064
1773171594.9647179,28.7,55.43,233,840578,12654875
1773171595.0798428,14.2,55.43,233,842482,12658059
1773171595.1994798,37.5,55.43,233,844624,12661641
1773171595.318289,14.3,55.46,233,847726,12664281
1773171595.4288375,12.5,55.46,233,847726,12664281
1773171595.5568264,0.0,55.46,233,849030,12671725
1773171595.6624322,12.5,55.46,233,849236,12673619
1773171595.7730238,0.0,55.46,233,849442,12674401
1773171595.8838809,14.3,55.46,234,849886,12675471
1773171596.0033486,0.0,55.46,234,850330,12676223
1773171596.116651,0.0,55.46,234,851560,12676429
1773171596.2411706,12.5,55.46,234,852896,12683905
1773171596.3801396,0.0,55.46,234,853102,12684719
1773171596.500254,0.0,55.55,235,854338,12712777
1773171596.61329,0.0,56.11,236,857550,12748517
1773171596.7349017,0.0,56.18,237,860560,12751769
1773171596.8453672,14.3,56.18,237,862070,12760489
1773171596.963743,12.5,56.24,238,864394,12763253
1773171597.0853488,0.0,56.24,238,864394,12763253
1773171597.1952806,0.0,56.24,238,865656,12763938
1773171597.3359404,0.0,56.24,238,865862,12769644
1773171597.4599414,11.1,56.24,238,866786,12770056
1773171597.5675519,0.0,56.24,238,866992,12770788
1773171597.680913,0.0,56.24,239,867642,12777774
1773171597.804014,0.0,56.24,239,868086,12778314
1773171597.9270322,0.0,56.3,239,869586,12779942
1773171598.0639973,0.0,56.3,239,869586,12779942
1773171598.1727176,12.5,56.3,239,910300,12796106
1773171598.2857075,0.0,56.3,239,910570,12798853
1773171598.4150708,12.5,56.3,239,911334,12801526
1773171598.5345223,12.5,56.3,239,912158,12829506
1773171598.6559134,12.5,56.3,239,912158,12829506
1773171598.7734246,0.0,56.5,239,915100,12831062
1773171598.8917975,0.0,56.53,239,915100,12831126
1773171599.01143,0.0,56.53,239,915100,12831126
1773171599.1315682,0.0,56.54,239,916610,12839576
1773171599.2462432,0.0,56.56,237,918496,12853120
1773171599.356033,0.0,56.56,237,920582,12854072
1773171599.4679768,0.0,56.56,237,920884,12854580
1773171599.5910745,12.5,54.93,232,923754,12862033
1773171599.7106102,0.0,55.06,232,925190,12862677
1773171599.8250594,0.0,55.06,232,925190,12862677
1773171599.9551308,12.5,55.06,232,925190,12862677
1773171600.0792868,0.0,55.06,232,925190,12862677
1773171600.1945522,0.0,55.06,232,925190,12862677
1773171600.3013458,0.0,55.06,232,925396,12863149
1773171600.4317584,0.0,55.06,232,925396,12864794
1773171600.5673423,0.0,55.06,232,925396,12871465
1773171600.676492,12.5,55.06,232,925666,12871465
1773171600.7831213,0.0,55.06,232,925872,12873030
1773171600.895911,14.3,55.06,232,925872,12879346
1773171601.0314007,0.0,55.06,232,925872,12885921
1773171601.146423,12.5,55.06,232,925872,12888083
1773171601.265562,12.5,55.06,232,925872,12889218
1773171601.394733,0.0,55.06,232,926284,12889889
1773171601.5066636,0.0,55.06,232,926490,12890333
1773171601.631847,0.0,55.06,232,934584,12899319
1773171601.7562776,0.0,55.06,232,937684,12901075
1773171601.8760934,0.0,55.06,232,937890,12902099
1773171601.9950817,14.2,55.06,232,937890,12902099
1773171602.1143928,12.5,55.06,232,937890,12903105
1773171602.2453303,0.0,55.06,232,938782,12903517
1773171602.3604486,12.5,55.07,232,938988,12904131
1773171602.4694858,0.0,55.07,232,939194,12906801
1773171602.590683,0.0,55.07,232,939670,12908205
1773171602.7018514,14.2,55.07,232,940146,12908887
1773171602.823008,12.5,55.07,232,940146,12909121
1773171602.9295056,0.0,55.07,232,940146,12909121
1773171603.0411243,0.0,55.07,232,940146,12909121
1773171603.1645863,0.0,55.07,232,940146,12909202
1773171603.2921455,0.0,55.07,232,940558,12909408
1773171603.4116898,11.1,55.07,232,940558,12909408
1773171603.5294952,0.0,55.07,232,940558,12909408
1773171603.648635,0.0,55.07,232,940558,12909408
1773171603.772554,0.0,55.07,232,940558,12909408
1773171603.8953714,0.0,55.07,232,940558,12909762
1773171604.0161471,0.0,55.07,232,940558,12909826
1773171604.1282437,0.0,55.07,232,940764,12911467
1773171604.2598739,0.0,55.07,232,940764,12911467
1773171604.3847122,0.0,55.07,232,940764,12911778
1773171604.5077448,0.0,55.07,232,940764,12913200
1773171604.6321454,0.0,55.07,225,943332,12914595
1773171604.7700596,12.5,55.14,225,946722,12927290
1773171604.9111207,22.2,55.2,226,954442,12930699
1773171605.0346081,11.1,55.2,226,962704,12933380
1773171605.1547492,12.5,55.2,226,963180,12937550
1773171605.266921,14.3,55.2,226,963180,12937550
1773171605.3916914,0.0,55.22,226,966154,12955670
1773171605.5152705,0.0,55.22,226,966360,12955876
1773171605.6285045,0.0,55.22,226,966424,12955940
1773171605.7481892,0.0,55.22,226,966424,12955940
1773171605.861082,14.2,55.22,226,967582,12963032
1773171605.9717338,0.0,55.23,227,972678,12977742
1773171606.0951126,12.5,55.23,227,972884,12978241
1773171606.2160506,0.0,55.23,227,973090,12985290
1773171606.328755,0.0,55.23,227,973982,12987381
1773171606.4509637,0.0,55.23,227,974188,12990821
1773171606.575577,0.0,55.23,227,975424,13025179
1773171606.6991043,0.0,55.25,228,977542,13030977
1773171606.809736,14.3,55.25,228,977542,13032310
1773171606.9316418,0.0,55.25,228,977542,13032310
1773171607.0584903,0.0,55.25,228,978416,13039676
1773171607.1787364,0.0,55.25,228,978974,13040727
1773171607.287726,0.0,55.25,228,979532,13042797
1773171607.4006221,0.0,55.25,228,979532,13042797
1773171607.5265772,0.0,55.27,228,980768,13074195
1773171607.648351,12.5,55.29,229,983710,13103621
1773171607.7754693,0.0,55.29,229,983710,13103865
1773171607.8997474,0.0,55.29,229,983710,13106846
1773171608.0237155,0.0,55.29,229,986542,13108800
1773171608.1592743,0.0,55.29,229,986748,13109006
1773171608.2662942,0.0,55.29,229,988646,13109244
1773171608.3772213,0.0,55.29,229,1030328,13111858
1773171608.5071669,0.0,55.29,229,1030534,13114694
1773171608.6235812,0.0,55.29,229,1030740,13114777
1773171608.7490811,12.5,55.29,229,1030740,13114777
1773171608.8716793,12.5,55.29,229,1030740,13114841
1773171608.9948034,0.0,55.29,229,1030740,13114841
1773171609.1043906,0.0,55.29,229,1030740,13114922
1773171609.224543,0.0,55.29,229,1030740,13114922
1773171609.3335721,0.0,55.29,229,1031010,13115160
1773171609.4419487,0.0,55.29,229,1031010,13115160
1773171609.564525,0.0,55.29,229,1031486,13115636
1773171609.6764467,12.5,55.29,229,1031486,13115636
1773171609.809249,0.0,55.29,229,1031486,13115636
1773171609.931337,25.0,55.29,229,1031692,13115842
1773171610.0507345,12.5,55.29,229,1031692,13115842
1773171610.1778874,0.0,55.29,229,1031898,13116048
1773171610.2970788,0.0,55.29,229,1031898,13116048
1773171610.410312,0.0,55.29,229,1031898,13116048
1773171610.5281188,0.0,55.29,229,1032104,13116048
1773171610.6531565,14.3,55.29,229,1032104,13116393
1773171610.7596726,12.5,55.29,229,1032104,13116393
1773171610.8717813,0.0,55.29,229,1032104,13116576
1773171610.995024,0.0,55.29,229,1032104,13116576
1773171611.1174488,0.0,55.29,229,1032104,13116702
1773171611.246914,0.0,55.29,229,1032104,13116702
1773171611.3635101,0.0,55.29,229,1032104,13116946
1773171611.4739766,0.0,55.29,229,1032104,13116946
1773171611.581459,0.0,55.29,229,1032310,13117184
1773171611.689601,0.0,55.29,229,1032310,13117184
1773171611.8007853,0.0,55.29,229,1032310,13117184
1773171611.936136,12.5,55.29,229,1032310,13117184
1773171612.0616896,12.5,55.29,229,1032516,13117464
1773171612.185758,11.1,55.29,229,1032722,13117940
1773171612.3059835,0.0,55.29,229,1032722,13117940
1773171612.430603,0.0,55.29,229,1032722,13117940
1773171612.542318,0.0,55.29,229,1033198,13119838
1773171612.662657,0.0,55.29,229,1033610,13120314
1773171612.774667,0.0,55.29,229,1033610,13120314
1773171612.8997333,0.0,55.29,229,1033610,13120314
1773171613.02028,0.0,55.29,225,1036758,13121852
1773171613.1322503,0.0,55.29,225,1036964,13122264
1773171613.2535255,0.0,55.3,225,1037710,13123106
1773171613.3632567,0.0,55.3,225,1037916,13123550
1773171613.473047,14.3,55.3,225,1040446,13130990
1773171613.5924118,12.5,55.3,225,1042162,13138544
1773171613.6984603,14.2,55.39,227,1044692,13155004
1773171613.8107274,0.0,55.39,227,1044692,13155004
1773171613.9227529,0.0,55.39,227,1044962,13156426
1773171614.042401,0.0,55.39,227,1044962,13156426
1773171614.1548114,14.2,55.39,227,1044962,13156426
1773171614.2752686,12.5,55.39,227,1060738,13171156
1773171614.386563,0.0,55.39,227,1060944,13171938
1773171614.5107377,14.3,55.39,227,1061356,13172720
1773171614.620967,0.0,55.39,227,1061356,13172720
1773171614.7478027,12.5,55.39,227,1061356,13172720
1773171614.8822708,0.0,55.39,227,1061356,13172720
1773171614.9936132,12.5,55.39,227,1061356,13172720
1773171615.1226532,0.0,55.39,227,1061356,13172801
1773171615.2384036,0.0,55.39,227,1061356,13172801
1773171615.3528714,0.0,55.39,227,1061356,13172865
1773171615.4755635,0.0,55.39,227,1061356,13173118
1773171615.5969756,0.0,55.39,227,1061356,13173118
1773171615.7082293,14.2,55.39,227,1063744,13175599
1773171615.8286738,12.5,55.39,227,1063950,13175869
1773171615.9539702,0.0,55.39,227,1063950,13175869
1773171616.064656,12.5,55.39,227,1063950,13175869
1773171616.1892543,12.5,55.39,227,1065254,13183441
1773171616.3092587,12.5,55.39,227,1065318,13183505
1773171616.4374537,14.3,55.39,227,1065730,13185460
1773171616.5578585,0.0,55.39,227,1065730,13185460
1773171616.6822102,0.0,55.39,227,1065730,13185460
1773171616.8010406,0.0,55.39,227,1065730,13185460
1773171616.9098835,0.0,55.39,227,1065730,13185460
1773171617.0208519,0.0,55.39,227,1065730,13185460
1773171617.1411254,0.0,55.39,227,1065730,13185460
1773171617.2684813,0.0,55.39,227,1065730,13185460
1773171617.393802,11.1,55.39,227,1065730,13185460
1773171617.5168781,12.5,55.39,227,1065730,13185460
1773171617.639318,0.0,55.39,227,1065730,13185460
1773171617.74547,14.3,55.39,227,1066000,13185805
1773171617.8567557,14.2,55.39,227,1066540,13186757
1773171617.9758463,0.0,55.39,227,1066540,13186757
1773171618.0890148,0.0,55.39,227,1066540,13186757
1773171618.209072,0.0,55.39,227,1071656,13186995
1773171618.318329,0.0,55.39,227,1071656,13193245
1773171618.4256048,0.0,55.39,227,1071926,13193498
1773171618.5512295,0.0,55.39,227,1071926,13193498
1773171618.6618323,12.5,55.39,227,1071926,13193688
1773171618.7803094,12.5,55.4,227,1072750,13225054
1773171618.8922222,14.3,55.4,227,1073162,13234198
1773171619.0131435,0.0,55.98,228,1075930,13237574
1773171619.1410162,0.0,56.01,228,1075930,13237574
1773171619.2664602,0.0,56.01,228,1115880,13240114
1773171619.390707,0.0,56.01,228,1115880,13241178
1773171619.5162654,0.0,56.01,228,1116086,13243528
1773171619.6384623,0.0,56.01,228,1116978,13243972
1773171619.748592,0.0,56.01,228,1117184,13244402
1773171619.8732238,12.5,56.01,228,1117184,13244402
1773171619.9936464,0.0,56.01,228,1117184,13244402
1773171620.1013782,0.0,56.01,228,1117184,13244402
1773171620.210334,0.0,56.01,228,1131714,13244878
1773171620.3207564,0.0,56.01,228,1131714,13244878
1773171620.4342732,0.0,56.01,228,1132190,13251334
1773171620.5574973,12.5,56.01,228,1132460,13252756
1773171620.681563,0.0,56.01,228,1132460,13252756
1773171620.8049479,0.0,56.01,228,1132460,13252756
1773171620.9138207,0.0,56.01,228,1132460,13252756
1773171621.034222,0.0,56.01,228,1132460,13252756
1773171621.1439242,0.0,56.01,228,1137618,13253949
1773171621.255191,0.0,56.01,228,1137618,13253949
1773171621.3659863,0.0,56.01,228,1145674,13256131
1773171621.4911156,0.0,56.01,228,1146292,13260411
1773171621.616814,0.0,56.01,228,1146292,13260636
1773171621.741816,0.0,56.01,228,1146356,13260700
1773171621.8495042,0.0,56.01,228,1146626,13262122
1773171621.9569209,0.0,56.01,228,1146626,13262122
1773171622.0683064,0.0,56.01,228,1146626,13262122
1773171622.1743534,14.3,56.02,227,1148744,13263312
1773171622.285874,0.0,56.02,227,1150006,13263916
1773171622.4099107,12.5,56.02,227,1151722,13273416
1773171622.5345004,12.5,56.02,227,1152134,13273907
1773171622.6755004,12.5,56.02,227,1152134,13273907
1773171622.806911,11.2,56.02,227,1152134,13274151
1773171622.9170008,0.0,56.02,227,1152134,13274151
1773171623.042455,0.0,56.02,227,1152134,13274151
1773171623.1555269,0.0,56.02,227,1152134,13274151
1773171623.275569,0.0,56.02,227,1152134,13274151
1773171623.388624,0.0,56.02,227,1152134,13274151
1773171623.5280273,0.0,56.02,227,1152340,13274669
1773171623.6470497,0.0,56.02,227,1152340,13274669
1773171623.7583258,0.0,56.03,227,1153164,13305141
1773171623.8699868,0.0,56.03,228,1153370,13310193
1773171623.9905725,12.5,56.79,228,1155906,13367983
1773171624.1014209,0.0,56.79,228,1158646,13375057
1773171624.2227876,0.0,56.79,228,1158852,13375263
1773171624.3305857,0.0,56.79,228,1159122,13375501
1773171624.4382415,0.0,56.79,228,1159534,13375945
1773171624.5524683,14.3,56.79,230,1160248,13378917
1773171624.671923,25.0,56.79,230,1162366,13379965
1773171624.7961648,0.0,56.79,230,1162366,13379965
1773171624.9085844,12.5,56.79,230,1163176,13388491
1773171625.0282147,12.5,56.79,230,1163734,13388999
1773171625.1387224,0.0,54.48,228,1164416,13392803
1773171625.2585623,0.0,54.54,228,1164416,13393111
1773171625.3660572,0.0,54.54,228,1164416,13393197
1773171625.4949956,0.0,54.54,228,1164416,13393197
1773171625.6235623,12.5,54.54,228,1164416,13393851
1773171625.7473652,0.0,54.62,229,1168044,13413291
1773171625.8785229,12.5,54.69,229,1170194,13414597
1773171625.9954934,12.5,54.69,229,1170194,13414597
1773171626.113353,0.0,54.77,229,1172518,13416269
1773171626.2214713,0.0,54.77,229,1178688,13417837
1773171626.3480701,0.0,54.77,229,1184588,13432447
1773171626.4570866,12.5,54.77,229,1185888,13444495
1773171626.583652,0.0,54.77,229,1187274,13445387
1773171626.6922057,12.5,54.86,231,1189392,13453407
1773171626.8078303,0.0,54.86,231,1189392,13453840
1773171626.9350314,0.0,54.87,231,1189804,13461032
1773171627.0518825,25.0,54.87,231,1190696,13461444
1773171627.1924088,12.5,54.87,231,1191108,13463298
1773171627.3156097,11.1,54.87,232,1191790,13465090
1773171627.4366393,12.5,54.93,232,1192728,13466170
1773171627.5439966,0.0,54.93,232,1192728,13466170
1773171627.6535532,0.0,54.93,230,1193254,13467400
1773171627.7776036,0.0,54.94,230,1193254,13467759
1773171627.889792,12.5,54.94,231,1195372,13473397
1773171628.0089483,0.0,54.94,231,1195372,13473397
1773171628.1234896,0.0,54.94,231,1195372,13473542
1773171628.247532,12.5,54.94,231,1195372,13473542
1773171628.3715513,0.0,54.94,231,1195642,13474018
1773171628.477536,0.0,54.94,231,1195642,13474018
1773171628.585729,0.0,54.94,231,1195912,13475572
1773171628.6946921,0.0,54.94,231,1195912,13476046
1773171628.8089776,0.0,54.94,231,1195912,13476290
1773171628.926702,14.3,54.94,231,1195912,13477942
1773171629.0379035,0.0,54.94,231,1195912,13478581
1773171629.1639097,0.0,54.94,231,1195912,13478664
1773171629.2767062,12.5,54.94,231,1195912,13478836
1773171629.3932953,0.0,54.94,231,1195912,13478900
1773171629.5074356,0.0,54.94,231,1239460,13481028
1773171629.6276069,0.0,54.94,231,1239460,13483676
1773171629.7544496,0.0,54.94,231,1239872,13484418
1773171629.864561,12.5,54.94,231,1240142,13485931
1773171629.985871,12.5,54.95,231,1240142,13486754
1773171630.1098828,0.0,54.95,231,1240142,13486754
1773171630.2187395,12.5,54.95,231,1245322,13487354
1773171630.326215,0.0,54.95,231,1245322,13487904
1773171630.4364626,0.0,54.95,231,1245592,13494387
1773171630.558803,0.0,54.95,231,1245592,13495933
1773171630.666078,12.5,54.95,231,1245798,13496040
1773171630.788081,0.0,54.95,231,1246274,13496987
1773171630.9132633,0.0,54.95,231,1246274,13500436
1773171631.0370722,0.0,54.95,231,1246274,13504831
1773171631.1587005,0.0,54.95,231,1246544,13510186
1773171631.2695937,14.3,54.95,231,1246544,13511922
1773171631.3914258,12.5,54.95,231,1246750,13513350
1773171631.4982147,0.0,54.95,231,1246956,13513826
1773171631.6078517,14.2,54.95,231,1246956,13513945
1773171631.7208712,0.0,54.95,231,1247162,13514482
1773171631.8421001,0.0,54.95,231,1247162,13514482
1773171631.9486697,0.0,54.95,231,1247162,13516012
1773171632.06151,0.0,54.95,231,1247162,13516381
1773171632.190187,0.0,54.95,231,1261422,13516586
1773171632.3094041,0.0,54.95,231,1261628,13517982
1773171632.428145,0.0,54.95,231,1261898,13524693
1773171632.5457306,0.0,54.95,231,1261898,13524693
1773171632.6626606,0.0,54.95,231,1261962,13525197
1773171632.7837968,0.0,54.95,231,1262438,13526148
1773171632.892506,0.0,54.95,225,1266616,13529247
1773171633.005606,0.0,54.95,225,1267028,13530774
1773171633.1297574,12.5,54.95,225,1267028,13530855
1773171633.2655592,12.5,54.95,225,1267920,13531418
1773171633.3769324,12.5,54.95,225,1267920,13532332
1773171633.4967992,0.0,54.95,225,1268396,13536676
1773171633.608587,0.0,54.95,225,1268396,13536790
1773171633.732284,0.0,54.95,225,1268666,13536932
1773171633.8538282,12.5,54.95,225,1268666,13537321
1773171633.9618175,0.0,54.95,225,1268666,13537321
1773171634.0751922,0.0,54.95,225,1268666,13537321
1773171634.181879,0.0,54.95,225,1268666,13537321
1773171634.3038,0.0,54.95,225,1268666,13537321
1773171634.4142048,0.0,54.95,225,1268666,13537321
1773171634.5381095,0.0,54.95,225,1268666,13537321
1773171634.6505606,0.0,54.95,225,1268872,13537556
1773171634.7603936,0.0,54.95,225,1269078,13537762
1773171634.880417,0.0,54.95,225,1269078,13537762
1773171634.9881094,0.0,54.95,225,1269078,13538639
1773171635.0968866,0.0,54.95,225,1269078,13538817
1773171635.2066689,0.0,54.95,225,1269348,13539055
1773171635.3175354,0.0,54.95,225,1269348,13539055
1773171635.438317,12.5,54.95,225,1269348,13539055
1773171635.5624497,14.3,54.95,225,1269348,13539055
1773171635.6757503,0.0,54.96,225,1269348,13539055
1773171635.8060403,12.5,54.96,225,1269618,13539768
1773171635.9343,0.0,54.96,225,1269618,13540061
1773171636.0439954,0.0,54.96,225,1269618,13541186
1773171636.1659896,0.0,54.96,225,1269618,13541643
1773171636.275644,0.0,54.96,225,1269618,13541643
1773171636.3868728,0.0,54.96,225,1269618,13541643
1773171636.5098116,0.0,54.96,225,1269618,13543367
1773171636.6345098,0.0,54.96,225,1269888,13543367
1773171636.7429013,0.0,54.96,225,1269888,13543431
1773171636.8540142,0.0,54.96,225,1269888,13543431
1773171636.9762824,0.0,54.96,225,1269888,13543431
1773171637.0949774,0.0,54.96,225,1269888,13543431
1773171637.2107542,14.2,54.96,225,1269888,13543495
1773171637.3452344,12.5,54.96,225,1269888,13543495
1773171637.4539955,12.5,54.96,225,1275206,13544351
1773171637.5740678,0.0,54.96,225,1283468,13546327
1773171637.6914911,12.5,54.96,225,1283674,13550259
1773171637.8169305,0.0,54.96,225,1283674,13550259
1773171637.9444203,12.5,54.96,225,1286300,13552967
1773171638.0635478,0.0,54.96,225,1286300,13552967
1773171638.1848888,0.0,54.96,225,1286300,13552967
1773171638.31074,0.0,54.96,225,1286300,13553031
1773171638.4329038,0.0,54.96,225,1286300,13553031
1773171638.545429,0.0,54.96,225,1286300,13553031
1773171638.6683612,25.0,54.96,225,1289576,13561762
1773171638.7881339,0.0,54.97,225,1290912,13570658
1773171638.8973892,0.0,54.97,225,1293236,13572630
1773171639.006879,0.0,54.97,225,1293442,13572836
1773171639.1150637,0.0,54.97,225,1293442,13572917
1773171639.2215428,0.0,54.97,225,1293854,13581869
1773171639.3318725,0.0,54.97,225,1295048,13583928
1773171639.439104,0.0,54.97,225,1295254,13585794
1773171639.547733,28.7,55.19,226,1299026,13670224
1773171639.6549048,28.4,57.5,227,1302792,13711770
1773171639.761847,14.3,57.5,228,1304366,13723850
1773171639.8687327,0.0,57.5,228,1308602,13726522
1773171639.9811244,0.0,57.5,228,1322512,13742366
1773171640.104949,0.0,57.5,228,1322512,13742366
1773171640.2349074,0.0,57.5,228,1323596,13742923
1773171640.3492005,12.5,57.5,228,1324932,13752831
1773171640.4584765,0.0,57.5,228,1365820,13763779
1773171640.5666857,0.0,57.5,228,1366026,13767903
1773171640.6780567,0.0,57.64,229,1371356,13825543
1773171640.805356,25.0,58.57,229,1374034,13886647
1773171640.9276867,25.0,55.2,228,1377282,13895925
1773171641.045967,0.0,55.34,229,1382830,13909523
1773171641.1710665,0.0,55.34,229,1383242,13912363
1773171641.2812464,0.0,56.19,231,1384304,13959559
1773171641.3913736,14.3,56.23,231,1386184,13960431
1773171641.4986336,0.0,56.23,231,1386390,13960637
1773171641.6075203,14.2,56.23,231,1386390,13960637
1773171641.7187493,14.3,56.23,231,1387328,13972243
1773171641.830572,0.0,56.23,231,1387328,13972243
1773171641.9509687,12.5,56.23,231,1388092,13973199
1773171642.0604439,0.0,56.23,231,1388092,13973199
1773171642.1670003,0.0,56.29,232,1389474,13974887
1773171642.2783296,14.2,56.36,233,1392260,13985509
1773171642.3847036,14.3,56.36,233,1392818,13985995
1773171642.49367,28.7,58.13,235,1398850,14128923
1773171642.6085083,0.0,58.15,235,1400360,14147943
1773171642.7217698,0.0,58.15,235,1403194,14150319
1773171642.8573604,12.5,58.15,235,1403194,14150319
1773171642.9666083,0.0,58.15,235,1403194,14150319
1773171643.0879216,0.0,58.15,235,1403194,14150319
1773171643.209571,0.0,58.15,235,1403194,14150319
1773171643.322064,0.0,58.15,235,1403464,14150795
1773171643.4423118,0.0,58.15,235,1403464,14150795
1773171643.550727,0.0,58.15,235,1408462,14152067
1773171643.6773422,0.0,58.15,235,1424202,14174217
1773171643.7873306,25.0,58.15,235,1430468,14183723
1773171643.9071977,0.0,58.15,235,1450140,14217879
1773171644.0155644,0.0,58.15,235,1455202,14220959
1773171644.1238167,0.0,55.0,233,1464928,14226399
1773171644.2323077,14.2,55.07,233,1466236,14228339
1773171644.3401408,0.0,55.07,233,1467728,14248657
1773171644.4485881,0.0,55.07,233,1467728,14255740
1773171644.5579937,0.0,55.61,234,1474554,14335013
1773171644.6645746,28.7,57.18,235,1477290,14348350
1773171644.7763758,14.2,57.19,235,1478928,14351592
1773171644.8818886,28.7,57.2,233,1481664,14353371
1773171645.0024197,0.0,57.2,233,1481664,14353371
1773171645.114493,0.0,57.2,233,1481664,14353954
1773171645.2270195,0.0,57.2,233,1481664,14354044
1773171645.350296,0.0,57.2,233,1482076,14362694
1773171645.4601004,0.0,57.2,233,1483000,14363106
1773171645.5735655,28.7,57.26,234,1485060,14412154
1773171645.6916342,12.5,57.57,234,1488768,14488328
1773171645.8065877,0.0,57.85,234,1492952,14606350
1773171645.9276247,37.5,58.61,234,1496576,14639324
1773171646.04646,12.5,58.7,233,1498420,14656310
1773171646.1617548,14.2,58.72,233,1502080,14672044
1773171646.2920728,0.0,58.87,234,1504964,14768428
1773171646.4039614,12.5,60.34,234,1507082,14769380
1773171646.5253248,12.5,60.34,234,1508244,14779622
1773171646.6511822,14.3,60.34,234,1510568,14781434
1773171646.7717533,0.0,60.34,234,1510568,14781434
1773171646.8834462,0.0,60.34,234,1510568,14781434
1773171646.990179,0.0,60.34,234,1510568,14781434
1773171647.1011827,0.0,60.34,234,1510568,14781671
1773171647.2089107,0.0,60.34,234,1510774,14781877
1773171647.3208044,0.0,60.34,234,1510774,14781877
1773171647.4562874,0.0,60.34,234,1510980,14782083
1773171647.5664585,12.5,60.34,234,1512316,14792517
1773171647.6902428,0.0,60.34,234,1512792,14792961
1773171647.8095582,12.5,60.34,234,1513062,14793469
1773171647.925189,0.0,60.34,234,1513062,14794891
1773171648.0477169,12.5,60.35,235,1515328,14850989
1773171648.1673691,12.5,60.46,235,1517800,14907325
1773171648.2829742,14.2,62.06,233,1521360,14930458
1773171648.4089482,12.5,62.06,233,1521566,14931958
1773171648.5249403,0.0,62.06,233,1521566,14931958
1773171648.63914,0.0,62.06,233,1521566,14931958
1773171648.7637916,0.0,62.06,233,1521566,14932065
1773171648.883503,12.5,62.06,233,1521566,14932065
1773171648.9913425,0.0,62.06,233,1521566,14932129
1773171649.1040123,0.0,62.06,233,1521566,14932129
1773171649.227026,0.0,62.06,233,1522248,14940775
1773171649.3513644,0.0,62.06,233,1523172,14941187
1773171649.4758835,0.0,62.06,233,1523172,14941187
1773171649.5863943,12.5,62.06,233,1523378,14941393
1773171649.706528,0.0,62.06,233,1523378,14942922
1773171649.8205974,0.0,62.06,233,1523584,14943005
1773171649.9410956,12.5,62.07,233,1524678,14947491
1773171650.0543373,0.0,62.07,233,1529356,14957399
1773171650.1799083,0.0,62.07,233,1529626,14957637
1773171650.2987325,0.0,62.07,233,1529626,14957637
1773171650.4117303,0.0,62.07,233,1529626,14957637
1773171650.5378675,12.5,62.07,233,1529626,14957637
1773171650.6609395,12.5,62.07,233,1529626,14957744
1773171650.785208,12.5,62.07,233,1574030,14983035
1773171650.9198115,25.0,62.55,234,1580416,15331849
1773171651.051273,44.6,66.09,233,1585772,15644001
1773171651.1852984,12.5,66.22,234,1587684,15644828
1773171651.311867,12.5,66.25,234,1587890,15645034
1773171651.4192994,0.0,66.25,234,1587890,15645034
1773171651.529138,0.0,66.25,234,1587890,15645098
1773171651.6536999,0.0,66.25,234,1587890,15645098
1773171651.7742035,0.0,66.25,234,1587890,15645098
1773171651.8948793,0.0,66.25,234,1588096,15645336
1773171652.0080519,0.0,66.25,234,1588096,15645336
1773171652.1176562,0.0,66.25,234,1588096,15645336
1773171652.2449872,0.0,66.25,234,1588096,15645336
1773171652.354538,0.0,66.25,234,1588398,15646086
1773171652.4891367,0.0,66.25,234,1589016,15646768
1773171652.6103148,11.1,66.25,234,1589286,15648190
1773171652.7183158,14.3,66.25,234,1590622,15655762
1773171652.8289301,0.0,66.25,234,1590622,15655762
1773171652.9452374,0.0,66.25,234,1590828,15656000
1773171653.0557747,0.0,66.25,234,1590828,15656000
1773171653.1785314,0.0,66.25,234,1593596,15661922
1773171653.3014793,0.0,66.27,234,1598420,15662778
1773171653.4156754,12.5,66.27,234,1598420,15662778
1773171653.5451806,0.0,66.27,234,1600542,15664864
1773171653.6598074,0.0,66.27,234,1606130,15666054
1773171653.7866127,0.0,66.27,234,1614598,15671834
1773171653.9051728,12.5,66.27,234,1615280,15677426
1773171654.0230215,12.5,66.27,234,1615280,15677426
1773171654.129441,0.0,66.27,234,1615280,15677426
1773171654.2378116,0.0,66.27,234,1618568,15685158
1773171654.3485706,0.0,66.27,234,1618838,15685396
1773171654.4720204,12.5,66.27,234,1619108,15685774
1773171654.5916243,12.5,66.27,234,1619520,15686584
1773171654.7007928,0.0,66.27,234,1619790,15688670
1773171654.8102877,0.0,55.03,229,1621940,15690928
1773171654.924883,0.0,55.08,229,1622558,15691372
1773171655.0484283,0.0,55.08,229,1622558,15691756
1773171655.178454,0.0,55.08,229,1622558,15692083
1773171655.2925494,0.0,55.08,229,1623674,15693060
1773171655.4032254,14.2,55.08,229,1623674,15693060
1773171655.5096383,0.0,55.08,229,1623880,15701486
1773171655.6192093,0.0,55.08,229,1624086,15701550
1773171655.747982,0.0,55.08,229,1624086,15701830
1773171655.8842063,11.2,55.08,229,1624498,15702036
1773171656.0083778,0.0,55.08,229,1624704,15702370
1773171656.131374,0.0,55.08,229,1624704,15702370
1773171656.2538817,0.0,55.09,229,1627960,15710760
1773171656.3630965,12.5,55.09,229,1627960,15710824
1773171656.4767475,0.0,55.09,229,1627960,15710824
1773171656.5960503,0.0,55.09,229,1627960,15710824
1773171656.7077453,0.0,55.09,229,1627960,15710824
1773171656.8272696,12.5,55.1,229,1628166,15712342
1773171656.9362016,14.3,55.2,229,1629466,15730288
1773171657.0469832,14.3,55.21,229,1631552,15738562
1773171657.1579447,14.2,55.22,229,1633190,15740711
1773171657.2825246,0.0,55.28,230,1635308,15743175
1773171657.4024658,0.0,55.28,230,1635308,15746036
1773171657.5357993,0.0,55.28,230,1635308,15748266
1773171657.660636,0.0,55.28,230,1635308,15748266
1773171657.7871606,12.5,55.28,230,1635308,15748754
1773171657.9032757,0.0,55.28,230,1635308,15748754
1773171658.0281932,0.0,55.28,230,1635308,15748754
1773171658.1357112,12.5,55.28,230,1636644,15758516
1773171658.2482553,0.0,55.29,230,1636914,15759274
1773171658.3730967,0.0,55.29,230,1636914,15759809
1773171658.4938145,0.0,55.29,230,1637120,15763939
1773171658.60658,0.0,55.29,231,1638356,15806187
1773171658.733308,14.3,56.57,231,1641774,15837271
1773171658.8530722,12.5,56.57,231,1643636,15841029
1773171658.978524,12.5,57.5,233,1649356,15957253
1773171659.1010082,12.5,57.5,234,1651680,15968533
1773171659.2200782,0.0,55.77,231,1654512,15985569
1773171659.3299484,14.2,55.89,231,1656186,15986347
1773171659.4414632,14.3,55.89,231,1656186,15986347
1773171659.56146,12.5,55.89,231,1656186,15986347
1773171659.675874,14.3,55.89,231,1657284,15996127
1773171659.8004231,12.5,55.9,231,1657696,15996891
1773171659.9188933,12.5,55.91,231,1658140,15998359
1773171660.0264206,0.0,55.91,231,1662792,16010033
1773171660.141374,14.3,55.97,232,1666214,16021424
1773171660.2476056,0.0,56.04,233,1669668,16028928
1773171660.3571403,28.4,56.27,234,1673640,16104319
1773171660.4680738,0.0,56.27,235,1675104,16117931
1773171660.576212,14.2,56.33,235,1677254,16122173
1773171660.6870599,0.0,56.33,235,1677254,16122173
1773171660.7965453,14.3,56.33,235,1677730,16123137
1773171660.913592,0.0,56.34,235,1678860,16132789
1773171661.019777,0.0,56.37,235,1678860,16138963
1773171661.1348877,0.0,56.37,235,1679066,16143300
1773171661.2582467,0.0,56.45,236,1679890,16164071
1773171661.381619,0.0,56.52,236,1681538,16208003
1773171661.5034533,0.0,56.77,236,1684834,16298765
1773171661.6236706,12.5,56.84,236,1726812,16350531
1773171661.7438307,37.5,58.78,237,1729818,16368779
1773171661.8597803,0.0,55.73,236,1731392,16381435
1773171661.9896455,12.5,55.87,237,1734846,16392775
1773171662.1007524,14.3,55.91,237,1735052,16392775
1773171662.2103946,0.0,55.91,237,1737582,16398281
1773171662.3374226,0.0,55.91,237,1737582,16398769
1773171662.4723084,0.0,55.91,237,1737582,16398769
1773171662.5802112,0.0,55.91,237,1738854,16408883
1773171662.6876233,0.0,55.91,237,1739124,16409679
1773171662.7969418,14.3,55.92,237,1743228,16422675
1773171662.9196644,0.0,55.95,238,1744670,16473981
1773171663.031569,50.0,58.37,239,1752968,16654633
1773171663.156564,14.3,58.42,240,1757684,16665830
1773171663.2667546,0.0,58.45,241,1761312,16691192
1773171663.3900445,14.3,58.45,242,1761756,16694136
1773171663.5179453,12.5,58.46,242,1765274,16736980
1773171663.6362772,0.0,58.53,243,1768010,16756156
1773171663.756941,14.3,56.41,241,1782652,16762446
1773171663.8681319,0.0,56.47,241,1787072,16802758
1773171663.975839,0.0,56.47,241,1787278,16802758
1773171664.0853636,0.0,56.47,241,1787484,16802996
1773171664.1976917,0.0,56.47,241,1788138,16803202
1773171664.3324819,0.0,56.47,241,1788408,16803568
1773171664.4416032,0.0,56.47,241,1788408,16804655
1773171664.5515676,0.0,56.47,241,1788408,16804655
1773171664.6715317,37.5,60.19,241,1794688,17002053
1773171664.7831948,28.4,60.19,241,1797698,17011139
1773171664.9047449,12.5,60.19,242,1802104,17054115
1773171665.011075,0.0,61.49,243,1811966,17216151
1773171665.1209705,0.0,61.49,243,1815150,17229329
1773171665.230382,0.0,61.52,243,1815420,17229567
1773171665.361616,0.0,61.52,243,1815420,17229567
1773171665.481062,0.0,61.52,243,1815420,17229567
1773171665.6034837,12.5,61.52,243,1815420,17229567
1773171665.710667,0.0,61.52,243,1816450,17265845
1773171665.8218098,0.0,61.52,243,1818922,17338116
1773171665.9282272,28.7,63.26,240,1826464,17485030
1773171666.0370805,14.2,63.26,241,1829200,17494834
1773171666.1445866,0.0,63.26,241,1830742,17496938
1773171666.2542598,0.0,63.26,241,1830948,17496938
1773171666.3624876,0.0,63.32,242,1836636,17680204
1773171666.4702713,0.0,63.73,242,1842484,17876366
1773171666.5786915,28.4,64.8,242,1849900,18201862
1773171666.7084918,100.0,71.58,242,1850724,18218806
1773171666.8262713,25.0,71.64,242,1853972,18229753
1773171666.9346094,43.0,71.71,243,1857426,18241317
1773171667.0441897,14.3,56.39,238,1860574,18246659
1773171667.1533387,0.0,56.45,238,1860780,18246865
1773171667.278647,0.0,56.45,238,1860780,18247257
1773171667.4089115,0.0,56.45,238,1860780,18247257
1773171667.5313668,0.0,56.45,238,1860780,18247257
1773171667.6503642,0.0,56.45,238,1860780,18247257
1773171667.7580154,0.0,56.45,238,1862084,18259296
1773171667.8675344,0.0,56.45,238,1862084,18259296
1773171667.9756384,0.0,56.45,238,1862084,18259296
1773171668.08457,0.0,56.45,238,1862290,18260718
1773171668.1957133,0.0,56.46,235,1865644,18265246
1773171668.316555,0.0,56.47,235,1865644,18265246
1773171668.4279537,0.0,56.47,235,1865644,18265246
1773171668.5494566,12.5,56.47,235,1865914,18266906
1773171668.659066,14.2,56.47,235,1865914,18266906
1773171668.7698326,14.3,56.48,235,1866120,18267356
1773171668.9049373,12.5,56.48,235,1866326,18267562
1773171669.028659,0.0,56.48,235,1867648,18279404
1773171669.1348562,12.5,56.48,235,1867648,18279485
1773171669.2488012,0.0,56.48,235,1867648,18279485
1773171669.3691857,0.0,56.48,235,1868600,18281717
1773171669.4817102,0.0,56.48,235,1868870,18281955
1773171669.5942993,0.0,56.48,235,1868870,18281955
1773171669.7031527,0.0,56.48,235,1868934,18282019
1773171669.8140974,0.0,56.48,235,1868934,18282263
1773171669.9221566,14.3,56.48,235,1882180,18285497
1773171670.0301108,0.0,56.48,235,1882386,18286311
1773171670.1390944,0.0,56.48,235,1882592,18290326
1773171670.2463317,0.0,56.48,235,1882592,18290326
1773171670.3687654,0.0,56.48,235,1882592,18290814
1773171670.4864042,0.0,56.48,235,1882592,18291276
1773171670.6074805,0.0,56.49,235,1883686,18315875
1773171670.7144535,28.7,56.89,236,1888218,18432441
1773171670.827092,28.4,59.15,230,1892544,18478959
1773171670.9521902,12.5,59.16,231,1895998,18489819
1773171671.0725405,25.0,59.16,231,1900070,18500803
1773171671.192602,0.0,59.16,231,1901392,18501215
1773171671.3022566,0.0,59.16,231,1901392,18501517
1773171671.425013,0.0,59.16,231,1901598,18501517
1773171671.5494223,12.5,59.16,231,1902074,18505527
1773171671.6652837,12.5,59.16,231,1902074,18505527
1773171671.7859027,12.5,59.16,231,1902074,18505527
1773171671.9072502,12.5,59.16,231,1902074,18505527
1773171672.0223327,0.0,59.16,231,1945654,18507861
1773171672.1385791,0.0,59.16,231,1945654,18510179
1773171672.2494519,0.0,59.16,231,1971126,18521021
1773171672.367061,0.0,59.16,231,1974002,18521180
1773171672.4921484,0.0,59.16,231,1977290,18535064
1773171672.6099682,0.0,59.16,231,1977290,18535064
1773171672.7333255,12.5,59.16,231,1979960,18535064
1773171672.8436189,0.0,59.16,231,1979960,18535552
1773171672.9610941,0.0,59.16,231,1979960,18535552
1773171673.077045,0.0,59.16,231,1982630,18535552
1773171673.197631,0.0,59.16,231,1988940,18536614
1773171673.3095586,0.0,59.16,231,1989210,18537090
1773171673.428214,0.0,59.16,231,1989210,18537392
1773171673.5556464,0.0,59.16,231,1989622,18541068
1773171673.6796253,0.0,59.16,231,1989622,18541068
1773171673.7907674,0.0,59.16,231,1989622,18541068
1773171673.9250555,0.0,59.16,231,1992292,18541068
1773171674.0329075,12.5,59.16,231,1992292,18541068
1773171674.1458468,14.3,59.16,231,1992292,18541068
1773171674.2572234,12.5,59.16,231,1992498,18541306
1773171674.3691788,0.0,59.16,231,1992768,18541306
1773171674.4885504,0.0,59.16,231,1992768,18541672
1773171674.605066,0.0,59.16,231,1992768,18541672
1773171674.7315707,0.0,59.16,231,1992768,18541672
1773171674.8488932,0.0,59.16,231,1992768,18541672
1773171674.9548624,14.2,59.16,231,1992768,18541672
1773171675.0669456,0.0,59.16,231,1992768,18541672
1773171675.1882744,12.5,59.16,231,1993180,18541959
1773171675.313661,0.0,59.16,231,1993180,18542261
1773171675.4198556,0.0,59.16,231,1993180,18542261
1773171675.5281138,14.2,59.16,231,1995850,18542261
1773171675.6366334,0.0,59.16,231,1995850,18542261
1773171675.7477033,14.3,59.16,231,1996120,18542467
1773171675.8606184,0.0,59.16,231,1996532,18542943
1773171675.9828894,0.0,59.16,231,1996532,18542943
1773171676.1030128,12.5,59.16,225,2002014,18554697
1773171676.2101822,14.3,59.17,227,2008550,18569233
1773171676.3186345,33.2,55.6,226,2015014,18584337
1773171676.4267657,0.0,55.66,226,2015220,18584337
1773171676.5398047,0.0,55.66,226,2015220,18584746
1773171676.656981,0.0,55.66,226,2015220,18584872
1773171676.7650487,14.3,55.66,226,2015220,18584872
1773171676.874415,28.7,56.17,227,2021606,18854400
1773171676.98839,14.2,56.17,227,2021606,18854644
1773171677.108089,0.0,56.17,227,2021606,18854644
1773171677.2375972,50.0,59.28,227,2025314,18969898
1773171677.343571,28.7,59.31,228,2027226,18970644
1773171677.4542553,0.0,59.31,228,2028704,18988256
1773171677.5770123,28.7,59.31,230,2029354,18990762
1773171677.694685,12.5,59.37,229,2031504,18991724
1773171677.8109653,0.0,59.37,229,2031774,18992232
1773171677.9397151,0.0,59.37,229,2032044,18993654
1773171678.0509834,0.0,59.37,229,2032250,19005692
1773171678.1775677,0.0,59.37,229,2033348,19011170
1773171678.3079154,11.2,59.37,229,2044792,19012940
1773171678.4246943,12.5,59.37,229,2045680,19019762
1773171678.5477645,12.5,59.37,229,2046092,19026716
1773171678.668034,0.0,59.37,229,2046092,19026716
1773171678.778208,14.2,59.37,229,2046092,19026716
1773171678.909237,0.0,59.37,229,2046092,19026716
1773171679.030117,0.0,59.37,229,2046092,19026780
1773171679.1378794,14.3,59.37,229,2046092,19026780
1773171679.2622757,0.0,59.37,229,2046092,19026780
1773171679.3766074,12.5,59.37,229,2046092,19026780
1773171679.5117795,0.0,59.37,229,2046568,19027352
1773171679.6370692,11.1,59.37,229,2046632,19027416
1773171679.7582154,0.0,59.37,229,2046632,19027523
1773171679.8685353,0.0,59.37,229,2046632,19027523
1773171679.9839725,0.0,59.37,229,2046632,19027523
1773171680.1034782,0.0,59.37,229,2046632,19027523
1773171680.2242508,0.0,59.37,229,2060874,19029123
1773171680.3319237,0.0,59.37,229,2060874,19029206
1773171680.4556193,0.0,59.37,229,2061350,19037308
1773171680.564702,12.5,59.37,229,2061556,19037552
1773171680.6889548,14.3,59.37,229,2061556,19037659
1773171680.798749,12.5,59.37,229,2061556,19037659
1773171680.9065459,14.2,59.37,229,2061556,19037659
1773171681.0171084,0.0,59.37,229,2061556,19037659
1773171681.1235113,0.0,59.37,229,2061556,19037740
1773171681.2321408,14.2,59.37,229,2061556,19038020
1773171681.3443015,0.0,59.37,229,2061556,19038020
1773171681.4651816,12.5,59.37,229,2061556,19038020
1773171681.5752518,0.0,59.37,229,2061556,19038020
1773171681.6968818,0.0,59.37,229,2061556,19038020
1773171681.8055933,0.0,59.37,229,2061556,19038020
1773171681.9122796,0.0,59.37,229,2061556,19038020
1773171682.0229533,0.0,59.37,229,2061556,19038020
1773171682.1514435,0.0,59.37,229,2061556,19038020
1773171682.2719452,0.0,59.37,229,2061556,19038020
1773171682.407166,0.0,59.37,229,2061556,19038020
1773171682.5331142,12.5,59.37,229,2061556,19038020
1773171682.641534,12.5,59.37,229,2061762,19038226
1773171682.747317,0.0,59.37,229,2101744,19040766
1773171682.8608468,0.0,59.37,229,2101744,19040766
1773171682.982622,0.0,59.37,229,2102156,19043322
1773171683.0906854,0.0,59.37,229,2102156,19043322
1773171683.2007287,14.2,55.63,224,2112164,19054424
1773171683.3127458,0.0,55.73,225,2117292,19069322
1773171683.4202974,0.0,55.73,225,2119246,19081558
1773171683.540264,0.0,55.73,226,2122494,19089606
1773171683.6599905,0.0,55.73,226,2122494,19089606
1773171683.7753582,12.5,55.73,226,2122494,19089606
1773171683.9025962,0.0,55.73,226,2122494,19089606
1773171684.028193,11.1,55.73,226,2122700,19089844
1773171684.1424763,0.0,55.73,226,2122700,19089844
1773171684.2700455,0.0,55.73,226,2125224,19090536
1773171684.3810582,25.0,55.73,226,2125700,19091332
1773171684.5133982,0.0,55.73,226,2126240,19092960
1773171684.6447773,0.0,55.73,226,2126240,19092960
1773171684.7653809,0.0,55.73,226,2126240,19092960
1773171684.8852336,0.0,56.46,228,2131860,19211392
1773171685.0168202,0.0,56.46,228,2132066,19211630
1773171685.139143,0.0,56.46,228,2132066,19211630
1773171685.2583756,0.0,56.46,228,2141532,19217722
1773171685.366704,0.0,56.46,228,2142960,19234904
1773171685.475979,0.0,56.46,228,2146920,19235316
1773171685.584688,0.0,56.46,228,2147684,19236990
1773171685.6965175,0.0,56.46,228,2147684,19236990
1773171685.8158517,12.5,56.53,230,2149802,19242468
1773171685.9295104,0.0,56.54,230,2150484,19254136
1773171686.0526567,0.0,56.54,230,2151358,19255088
1773171686.1748893,12.5,56.6,229,2159732,19270740
1773171686.3102903,44.3,64.56,230,2176984,19547478
1773171686.427077,28.7,64.7,231,2179994,19558132
1773171686.5449727,25.0,64.76,232,2183348,19600464
1773171686.6551716,14.2,64.82,232,2184652,19609504
1773171686.7675145,14.3,64.83,232,2184858,19609504
1773171686.890607,12.5,64.84,233,2189894,19623880
1773171687.001047,0.0,64.84,233,2190306,19624676
1773171687.1221807,12.5,64.88,234,2190988,19636841
1773171687.2418604,0.0,64.96,234,2193966,19647719
1773171687.3513334,14.2,56.88,233,2196084,19649983
1773171687.4635553,0.0,56.88,233,2196084,19649983
1773171687.5841827,0.0,56.88,233,2196084,19649983
1773171687.6961646,0.0,56.88,233,2197214,19655671
1773171687.8063107,0.0,56.88,233,2197214,19655671
1773171687.9158413,0.0,56.88,233,2197214,19657093
1773171688.0381083,0.0,56.9,234,2199480,19704335
1773171688.174716,0.0,56.93,234,2201952,19768700
1773171688.2867553,0.0,56.99,234,2205106,19837938
1773171688.4074378,12.5,57.0,234,2208466,19906418
1773171688.5194805,14.3,57.07,234,2210384,19949162
1773171688.6389427,25.0,60.27,233,2212508,19962544
1773171688.7498865,14.3,60.28,234,2217160,19980102
1773171688.8618727,0.0,60.28,234,2221854,19998564
1773171688.9828944,0.0,60.28,234,2222060,19998866
1773171689.1044424,12.5,60.28,234,2222060,19999178
1773171689.213622,28.7,60.41,235,2259622,20757662
1773171689.3546727,88.7,71.89,235,2268068,21164310
1773171689.4741027,28.7,71.95,236,2269980,21165056
1773171689.5829139,0.0,71.95,236,2271476,21177391
1773171689.6956193,0.0,72.01,236,2274788,21187547
1773171689.8153503,0.0,72.01,236,2274994,21189033
1773171689.9271533,0.0,56.8,234,2277730,21202823
1773171690.0479507,12.5,56.8,235,2279272,21213961
1773171690.1673021,25.0,56.82,235,2282282,21224203
1773171690.2916608,0.0,56.82,235,2292190,21225344
1773171690.4176905,0.0,56.82,235,2297444,21234152
1773171690.5355544,0.0,56.82,235,2297444,21234530
1773171690.6477973,0.0,56.82,235,2297856,21235657
1773171690.770776,0.0,56.82,235,2298126,21236133
1773171690.8813875,14.3,56.82,235,2298332,21236197
1773171691.0044777,12.5,56.82,235,2298332,21236390
1773171691.141809,12.5,56.82,235,2298332,21241576
1773171691.264442,11.1,56.82,235,2298332,21246778
1773171691.380765,0.0,56.82,235,2298538,21250573
1773171691.498137,0.0,56.82,235,2298538,21250808
1773171691.604693,14.2,56.82,235,2298538,21250808
1773171691.7157533,0.0,56.82,235,2298538,21250872
1773171691.8225386,0.0,56.82,235,2298744,21251469
1773171691.9354944,0.0,56.82,235,2298744,21252715
1773171692.0542772,0.0,56.82,235,2298744,21252715
1773171692.1740992,0.0,56.82,235,2298950,21253126
1773171692.2893965,0.0,56.82,235,2312922,21254007
1773171692.4114401,0.0,56.82,235,2313128,21261360
1773171692.5184064,0.0,56.82,235,2313128,21261424
1773171692.6264038,0.0,56.82,235,2313128,21261903
1773171692.7376757,0.0,56.82,235,2313398,21262434
1773171692.8470452,14.3,56.82,235,2313398,21262434
1773171692.9656358,12.5,56.82,235,2344236,21263639
1773171693.076951,0.0,56.82,235,2356946,21264669
1773171693.1955402,12.5,56.82,235,2357152,21267306
1773171693.3205276,0.0,56.82,235,2357358,21267612
1773171693.4313784,0.0,56.82,235,2357358,21268245
1773171693.554271,0.0,56.82,235,2357358,21268350
1773171693.661708,0.0,56.82,235,2357564,21269651
1773171693.7689595,0.0,56.82,235,2357564,21270008
1773171693.8788123,0.0,56.82,235,2357834,21271430
1773171694.006662,0.0,56.82,235,2357834,21271430
1773171694.1404579,11.2,56.82,235,2357834,21271509
1773171694.259881,11.1,56.82,235,2358040,21271747
1773171694.3713393,0.0,56.82,235,2358040,21271747
1773171694.492652,14.2,56.82,235,2358040,21272388
1773171694.6028094,0.0,56.82,235,2358722,21273166
1773171694.7147236,0.0,56.82,235,2358722,21273320
1773171694.8208103,0.0,56.82,235,2358722,21273320
1773171694.933305,0.0,56.82,235,2358928,21273605
1773171695.0681083,14.3,56.82,235,2359134,21273811
1773171695.179255,0.0,56.82,223,2366122,21277949
1773171695.3041859,14.2,55.64,224,2369956,21301891
1773171695.4146793,0.0,55.69,224,2376140,21320148
1773171695.5407276,0.0,55.71,224,2379050,21343942
1773171695.6756334,0.0,55.71,224,2386490,21350966
1773171695.7897625,0.0,55.74,224,2386696,21351323
1773171695.909993,0.0,55.74,224,2386696,21351323
1773171696.022938,0.0,55.74,224,2386696,21351323
1773171696.148302,0.0,56.16,226,2390462,21403147
1773171696.2706678,12.5,56.17,225,2395142,21413331
1773171696.4052684,12.5,56.17,225,2396094,21416497
1773171696.521291,12.5,56.17,225,2396094,21416497
1773171696.6423826,12.5,56.17,225,2396094,21416497
1773171696.7635424,12.5,56.17,225,2396094,21416561
1773171696.8703034,0.0,56.17,225,2396094,21416561
1773171696.9789078,14.2,56.17,225,2396094,21416561
1773171697.099897,0.0,56.17,225,2396094,21416561
1773171697.217078,12.5,56.17,225,2396094,21416561
1773171697.3401592,0.0,56.17,225,2396300,21416799
1773171697.4620893,0.0,56.17,225,2396300,21416799
1773171697.5725062,0.0,56.17,225,2396300,21416926
1773171697.693379,0.0,56.17,225,2396300,21416926
1773171697.8157725,0.0,56.17,225,2396300,21416926
1773171697.936346,12.5,56.26,225,2396300,21416926
1773171698.0458777,14.3,56.26,225,2783462,21432272
1773171698.1569257,14.2,56.26,225,2783462,21432272
1773171698.2675786,0.0,56.26,225,2783874,21432478
1773171698.3935678,12.5,56.27,225,2783874,21432478
1773171698.513524,0.0,56.27,225,2783874,21432478
1773171698.6403267,0.0,56.27,225,2783874,21432478
1773171698.760351,0.0,56.25,224,2783874,21432638
1773171698.8743117,0.0,56.25,224,2783874,21432638
1773171698.9979045,0.0,56.25,224,2783874,21432702
1773171699.1167314,12.5,56.25,224,2783874,21433168
1773171699.2264647,0.0,56.25,224,2791770,21434670
1773171699.3346815,0.0,56.25,224,2792040,21444143
1773171699.4474294,0.0,56.25,224,2792246,21444313
1773171699.5676367,0.0,56.25,224,2792246,21445702
1773171699.6755571,0.0,56.25,224,2792580,21446914
1773171699.7881892,0.0,56.25,224,2792580,21447243
1773171699.9116876,0.0,56.25,224,2792580,21448130
1773171700.0220087,0.0,56.25,224,2792580,21448130
1773171700.1415875,0.0,56.25,224,2792580,21448774
1773171700.2539718,0.0,56.25,224,2792580,21450437
1773171700.3634605,14.2,56.25,224,2792580,21451632
1773171700.4842968,12.5,56.25,224,2792580,21452015
1773171700.593072,0.0,56.25,224,2792580,21452234
1773171700.7050667,14.2,56.25,224,2792580,21452529
1773171700.8173225,0.0,56.25,224,2792580,21452794
1773171700.9376242,12.5,56.25,224,2792580,21453488
1773171701.0578864,0.0,56.25,224,2792580,21454014
1773171701.1699507,14.3,56.25,224,2792580,21454376
1773171701.2766855,0.0,56.31,222,2795998,21470933
1773171701.3879592,43.0,56.38,223,2799864,21499900
1773171701.5062926,0.0,56.4,223,2805352,21506020
1773171701.6228786,0.0,56.4,224,2808192,21520683
1773171701.7283576,0.0,56.4,224,2810072,21522842
1773171701.8490534,0.0,56.4,224,2810342,21524592
1773171701.9635408,0.0,56.4,224,2810342,21524734
1773171702.0816576,0.0,56.4,224,2810548,21530069
1773171702.2027318,14.3,56.4,224,2813910,21540755
1773171702.3173583,12.5,56.4,224,2818830,21541405
1773171702.4414034,0.0,56.4,224,2827092,21544803
1773171702.553312,0.0,56.4,224,2827504,21549206
1773171702.673119,0.0,56.4,224,2828122,21551347
1773171702.784305,14.2,56.45,225,2829358,21578921
1773171702.9069476,12.5,56.55,225,2832654,21656667
1773171703.0196025,0.0,56.73,225,2836980,21766275
1773171703.1391907,37.5,58.57,226,2839716,21769481
1773171703.2552707,28.7,58.57,226,2841290,21780723
1773171703.3709323,12.5,58.57,227,2844538,21790368
1773171703.4844406,14.2,58.57,227,2844950,21792810
1773171703.6101983,37.5,56.05,226,2857236,22085884
1773171703.7264302,25.0,56.19,227,2873858,22099905
1773171703.836367,33.2,56.26,228,2879256,22113715
1773171703.9471626,0.0,56.29,228,2955576,22119731
1773171704.0820074,22.2,58.78,229,2964854,22272791
1773171704.1914942,0.0,58.78,230,2969274,22288923
1773171704.3031366,14.3,58.84,231,2977082,22315726
1773171704.410128,14.2,58.86,232,2984928,22399415
